{
  "lang":"en",
  "name":"pipeline",
  "version":"0.0.0",
  "spacy_version":">=3.4.3,<3.5.0",
  "description":"",
  "author":"",
  "email":"",
  "url":"",
  "license":"",
  "spacy_git_version":"Unknown",
  "vectors":{
    "width":0,
    "vectors":0,
    "keys":0,
    "name":null,
    "mode":"default"
  },
  "labels":{
    "tok2vec":[

    ],
    "ner":[
      "DF",
      "NAME",
      "QUANTITY",
      "SIZE",
      "STATE",
      "TEMP",
      "UNIT"
    ]
  },
  "pipeline":[
    "tok2vec",
    "ner"
  ],
  "components":[
    "tok2vec",
    "ner"
  ],
  "disabled":[

  ],
  "performance":{
    "ents_f":0.9592288126,
    "ents_p":0.9563028298,
    "ents_r":0.9621727555,
    "ents_per_type":{
      "QUANTITY":{
        "p":0.9954659162,
        "r":0.9939119575,
        "f":0.9946883299
      },
      "UNIT":{
        "p":0.9804437759,
        "r":0.972761194,
        "f":0.9765873759
      },
      "NAME":{
        "p":0.9280620431,
        "r":0.9533009798,
        "f":0.9405122183
      },
      "STATE":{
        "p":0.9434140207,
        "r":0.9273794808,
        "f":0.9353280349
      },
      "DF":{
        "p":0.941362916,
        "r":0.9705882353,
        "f":0.9557522124
      },
      "SIZE":{
        "p":0.9210526316,
        "r":0.9536784741,
        "f":0.93708166
      },
      "TEMP":{
        "p":0.976744186,
        "r":0.5915492958,
        "f":0.7368421053
      }
    },
    "tok2vec_loss":202.5087619974,
    "ner_loss":4755.3387273503
  }
}