{
  "lang":"en",
  "name":"pipeline",
  "version":"0.0.0",
  "spacy_version":">=3.4.3,<3.5.0",
  "description":"",
  "author":"",
  "email":"",
  "url":"",
  "license":"",
  "spacy_git_version":"Unknown",
  "vectors":{
    "width":0,
    "vectors":0,
    "keys":0,
    "name":null,
    "mode":"default"
  },
  "labels":{
    "tok2vec":[

    ],
    "ner":[
      "DF",
      "NAME",
      "QUANTITY",
      "SIZE",
      "STATE",
      "TEMP",
      "UNIT"
    ]
  },
  "pipeline":[
    "tok2vec",
    "ner"
  ],
  "components":[
    "tok2vec",
    "ner"
  ],
  "disabled":[

  ],
  "performance":{
    "ents_f":0.9990198798,
    "ents_p":0.9992601088,
    "ents_r":0.9987797663,
    "ents_per_type":{
      "QUANTITY":{
        "p":1.0,
        "r":1.0,
        "f":1.0
      },
      "UNIT":{
        "p":0.999066816,
        "r":0.9986940299,
        "f":0.9988803881
      },
      "NAME":{
        "p":0.9991750687,
        "r":0.9981686659,
        "f":0.9986716138
      },
      "STATE":{
        "p":0.999381953,
        "r":0.999381953,
        "f":0.999381953
      },
      "DF":{
        "p":0.9951140065,
        "r":0.9983660131,
        "f":0.9967373573
      },
      "SIZE":{
        "p":0.9972826087,
        "r":1.0,
        "f":0.9986394558
      },
      "TEMP":{
        "p":1.0,
        "r":0.9788732394,
        "f":0.9893238434
      }
    },
    "tok2vec_loss":1082.7074049647,
    "ner_loss":640.7189255719
  }
}