{
  "lang":"en",
  "name":"pipeline",
  "version":"0.0.0",
  "spacy_version":">=3.4.3,<3.5.0",
  "description":"",
  "author":"",
  "email":"",
  "url":"",
  "license":"",
  "spacy_git_version":"Unknown",
  "vectors":{
    "width":0,
    "vectors":0,
    "keys":0,
    "name":null,
    "mode":"default"
  },
  "labels":{
    "tok2vec":[

    ],
    "ner":[
      "DF",
      "NAME",
      "QUANTITY",
      "SIZE",
      "STATE",
      "TEMP",
      "UNIT"
    ]
  },
  "pipeline":[
    "tok2vec",
    "ner"
  ],
  "components":[
    "tok2vec",
    "ner"
  ],
  "disabled":[

  ],
  "performance":{
    "ents_f":0.999241934,
    "ents_p":0.9992973633,
    "ents_r":0.9991865109,
    "ents_per_type":{
      "QUANTITY":{
        "p":0.9998439207,
        "r":1.0,
        "f":0.9999219543
      },
      "UNIT":{
        "p":0.9996266567,
        "r":0.9990671642,
        "f":0.9993468321
      },
      "NAME":{
        "p":0.9989928585,
        "r":0.9990843329,
        "f":0.9990385936
      },
      "STATE":{
        "p":0.9990732159,
        "r":0.999381953,
        "f":0.9992275606
      },
      "DF":{
        "p":0.9983606557,
        "r":0.9950980392,
        "f":0.9967266776
      },
      "SIZE":{
        "p":1.0,
        "r":1.0,
        "f":1.0
      },
      "TEMP":{
        "p":0.9929078014,
        "r":0.985915493,
        "f":0.9893992933
      }
    },
    "tok2vec_loss":859.6501355091,
    "ner_loss":619.6978191445
  }
}